idx	text_left	text_right	label
133273	How is the life of a math student? Could you describe your own experiences?	Which level of prepration is enough for the exam jlpt5?	0
402555	How do I control my horny emotions?	How do you control your horniness?	1
360472	What causes stool color to change to yellow?	What can cause stool to come out as little balls?	0
150662	What can one do after MBBS?	What do i do after my MBBS ?	1
183004	Where can I find a power outlet for my laptop at Melbourne Airport?	Would a second airport in Sydney, Australia be needed if a high-speed rail link was created between Melbourne and Sydney?	0
1190568	How not to feel guilty since I am Muslim and I'm conscious we won't have sex together?	I don't beleive I am bulimic, but I force throw up atleast once a day after I eat something and feel guilty. Should I tell somebody, and if so who?	0
356863	How is air traffic controlled?	How do you become an air traffic controller?	0
106969	What is the best self help book you have read? Why? How did it change your life?	What are the top self help books I should read?	1
196763	Can I enter University of Melbourne if I couldn't achieve the guaranteed marks in Trinity College Foundation?	University of the Philippines: If I take a second BFA in the UP College of Fine Arts, can I be exempted from gen. ed. or core subjects?	0
